{
  "timestamp": 1761196722.4653432,
  "readings": {
    "ls-1760396125463": {
      "raw_color_data": {
        "red_raw": 19671,
        "green_raw": 15489,
        "blue_raw": 10621,
        "clear_raw": 45353,
        "color_temperature_k": 3428.897873214836,
        "lux": 17192.217666666667,
        "integration_time_ms": 240,
        "gain": 1,
        "ppfd_approx": 323.1831614045091
      },
      "sensor_type": "TCS34725",
      "timestamp": 1761196722.1829526,
      "error": null
    },
    "ls-1760503562307": {
      "raw_spectrum_data": {
        "lux": 9904.934400000002,
        "infrared": 864.0,
        "visible": 56626084.0,
        "full_spectrum": 56626948.0,
        "gain": 1.0,
        "integration_time_ms": 100
      },
      "sensor_type": "TSL2591",
      "timestamp": 1761196722.3721712,
      "error": null
    },
    "ls-as7262-18-9": {
      "raw_spectrum_data": {
        "wavelengths": [
          450,
          500,
          550,
          570,
          600,
          650
        ],
        "intensities": [
          57589.36328125,
          72180.84375,
          66142.4140625,
          58378.6953125,
          63290.16796875,
          57159.27734375
        ],
        "raw_values": {
          "violet": 57589.36328125,
          "blue": 72180.84375,
          "green": 66142.4140625,
          "yellow": 58378.6953125,
          "orange": 63290.16796875,
          "red": 57159.27734375
        }
      },
      "sensor_type": "AS7262",
      "timestamp": 1761196722.4653342,
      "error": null,
      "estimated_lux": 15080.597115707398,
      "exposure": {
        "gain": 64,
        "integration_ms": 560.0,
        "scale": 14.423
      }
    }
  }
}